{"cameraMode":{"drawMode":0,"name":"Shaded","section":"Shading Mode"},"sceneLighting":true,"audioPlay":false,"sceneViewState":{"m_AlwaysRefresh":false,"showFog":true,"showSkybox":true,"showFlares":true,"showImageEffects":true,"showParticleSystems":true,"showVisualEffectGraphs":true,"m_FxEnabled":true},"in2DMode":false,"pivot":{"x":-0.0490826815366745,"y":-0.6447978019714356,"z":1.3008216619491578},"rotation":{"x":0.6062211394309998,"y":0.004769351799041033,"z":-0.0036327450070530178,"w":0.7952846884727478},"size":8.604548454284668,"orthographic":false}